"ancestral protector",gem,"[{""key"":""lvl"",""value"":""1-18""},{""key"":""corrupted""},{""key"":""quality"",""value"":""0""}]",totalValidListings,0,7
"molten strike",gem,"[{""key"":""lvl"",""value"":""1-18""},{""key"":""corrupted""},{""key"":""quality"",""value"":""0""}]",totalValidListings,0,5
"holy flame totem",gem,"[{""key"":""lvl"",""value"":""1-18""},{""key"":""corrupted""},{""key"":""quality"",""value"":""0""}]",totalValidListings,0,5
"war banner",gem,"[{""key"":""lvl"",""value"":""1-18""},{""key"":""corrupted""},{""key"":""quality"",""value"":""0""}]",totalValidListings,0,5
"berserk",gem,"[{""key"":""lvl"",""value"":""1-18""},{""key"":""corrupted""},{""key"":""quality"",""value"":""0""}]",totalValidListings,0,5
"incinerate",gem,"[{""key"":""lvl"",""value"":""1-18""},{""key"":""corrupted""},{""key"":""quality"",""value"":""0""}]",totalValidListings,0,5
"wither",gem,"[{""key"":""lvl"",""value"":""1-18""},{""key"":""corrupted""},{""key"":""quality"",""value"":""0""}]",totalValidListings,0,5
"splitting steel",gem,"[{""key"":""lvl"",""value"":""1-18""},{""key"":""corrupted""},{""key"":""quality"",""value"":""0""}]",totalValidListings,0,5
"blast rain",gem,"[{""key"":""lvl"",""value"":""1-18""},{""key"":""corrupted""},{""key"":""quality"",""value"":""0""}]",totalValidListings,0,6
"voltaxic burst",gem,"[{""key"":""lvl"",""value"":""1-18""},{""key"":""corrupted""},{""key"":""quality"",""value"":""0""}]",totalValidListings,0,5
"despair",gem,"[{""key"":""lvl"",""value"":""1-18""},{""key"":""corrupted""},{""key"":""quality"",""value"":""0""}]",totalValidListings,0,5
"lightning arrow",gem,"[{""key"":""lvl"",""value"":""1-18""},{""key"":""corrupted""},{""key"":""quality"",""value"":""0""}]",totalValidListings,0,5
"discharge",gem,"[{""key"":""lvl"",""value"":""1-18""},{""key"":""corrupted""},{""key"":""quality"",""value"":""0""}]",totalValidListings,0,5
"combustion support",gem,"[{""key"":""lvl"",""value"":""1-18""},{""key"":""corrupted""},{""key"":""quality"",""value"":""0""}]",totalValidListings,0,4
"ensnaring arrow",gem,"[{""key"":""lvl"",""value"":""1-18""},{""key"":""corrupted""},{""key"":""quality"",""value"":""0""}]",totalValidListings,0,5
"galvanic field",gem,"[{""key"":""lvl"",""value"":""1-18""},{""key"":""corrupted""},{""key"":""quality"",""value"":""0""}]",totalValidListings,0,5
"protective link",gem,"[{""key"":""lvl"",""value"":""1-18""},{""key"":""corrupted""},{""key"":""quality"",""value"":""0""}]",totalValidListings,0,5
"deadly ailments support",gem,"[{""key"":""lvl"",""value"":""1-18""},{""key"":""corrupted""},{""key"":""quality"",""value"":""0""}]",totalValidListings,0,5
"energy leech support",gem,"[{""key"":""lvl"",""value"":""1-18""},{""key"":""typeLine"",""value"":""energy leech support""},{""key"":""corrupted""},{""key"":""quality"",""value"":""0""}]",totalValidListings,0,5
"tectonic slam",gem,"[{""key"":""lvl"",""value"":""1-18""},{""key"":""corrupted""},{""key"":""quality"",""value"":""0""}]",totalValidListings,0,8
"earthbreaker support",gem,"[{""key"":""lvl"",""value"":""1-18""},{""key"":""corrupted""},{""key"":""quality"",""value"":""0""}]",totalValidListings,0,7
"damage on full life support",gem,"[{""key"":""lvl"",""value"":""1-18""},{""key"":""corrupted""},{""key"":""quality"",""value"":""0""}]",totalValidListings,0,8
"lancing steel",gem,"[{""key"":""lvl"",""value"":""1-18""},{""key"":""corrupted""},{""key"":""quality"",""value"":""0""}]",totalValidListings,0,5
"rain of arrows",gem,"[{""key"":""lvl"",""value"":""1-18""},{""key"":""corrupted""},{""key"":""quality"",""value"":""0""}]",totalValidListings,0,6
"faster projectiles support",gem,"[{""key"":""lvl"",""value"":""1-18""},{""key"":""corrupted""},{""key"":""quality"",""value"":""0""}]",totalValidListings,0,8
"flame link",gem,"[{""key"":""lvl"",""value"":""1-18""},{""key"":""corrupted""},{""key"":""quality"",""value"":""0""}]",totalValidListings,0,6
"ballista totem support",gem,"[{""key"":""lvl"",""value"":""1-18""},{""key"":""corrupted""},{""key"":""quality"",""value"":""0""}]",totalValidListings,0,4
"brand recall",gem,"[{""key"":""lvl"",""value"":""1-18""},{""key"":""corrupted""},{""key"":""quality"",""value"":""0""}]",totalValidListings,0,5
"cold to fire support",gem,"[{""key"":""lvl"",""value"":""1-18""},{""key"":""corrupted""},{""key"":""quality"",""value"":""0""}]",totalValidListings,0,7
"purity of lightning",gem,"[{""key"":""lvl"",""value"":""1-18""},{""key"":""corrupted""},{""key"":""quality"",""value"":""0""}]",totalValidListings,0,7
"creeping frost",gem,"[{""key"":""lvl"",""value"":""1-18""},{""key"":""corrupted""},{""key"":""quality"",""value"":""0""}]",totalValidListings,0,8
"kinetic bolt",gem,"[{""key"":""lvl"",""value"":""1-18""},{""key"":""corrupted""},{""key"":""quality"",""value"":""0""}]",totalValidListings,0,7
"bane",gem,"[{""key"":""lvl"",""value"":""1-18""},{""key"":""corrupted""},{""key"":""quality"",""value"":""0""}]",totalValidListings,0,7
"spectral helix",gem,"[{""key"":""lvl"",""value"":""1-18""},{""key"":""corrupted""},{""key"":""quality"",""value"":""0""}]",totalValidListings,0,5
"perforate",gem,"[{""key"":""lvl"",""value"":""1-18""},{""key"":""corrupted""},{""key"":""quality"",""value"":""0""}]",totalValidListings,0,5
"animate guardian",gem,"[{""key"":""lvl"",""value"":""1-18""},{""key"":""corrupted""},{""key"":""quality"",""value"":""0""}]",totalValidListings,0,5
"blade trap",gem,"[{""key"":""lvl"",""value"":""1-18""},{""key"":""corrupted""},{""key"":""quality"",""value"":""0""}]",totalValidListings,0,7
"arcane cloak",gem,"[{""key"":""lvl"",""value"":""1-18""},{""key"":""corrupted""},{""key"":""quality"",""value"":""0""}]",totalValidListings,0,7
"volcanic fissure",gem,"[{""key"":""lvl"",""value"":""1-18""},{""key"":""corrupted""},{""key"":""quality"",""value"":""0""}]",totalValidListings,0,6
"elemental focus support",gem,"[{""key"":""lvl"",""value"":""1-18""},{""key"":""corrupted""},{""key"":""quality"",""value"":""0""}]",totalValidListings,0,6
"barrage",gem,"[{""key"":""lvl"",""value"":""1-18""},{""key"":""corrupted""},{""key"":""quality"",""value"":""0""}]",totalValidListings,0,5
"ball lightning",gem,"[{""key"":""lvl"",""value"":""1-18""},{""key"":""corrupted""},{""key"":""quality"",""value"":""0""}]",totalValidListings,0,5
"spell cascade support",gem,"[{""key"":""lvl"",""value"":""1-18""},{""key"":""corrupted""},{""key"":""quality"",""value"":""0""}]",totalValidListings,0,7
"volatile dead",gem,"[{""key"":""lvl"",""value"":""1-18""},{""key"":""corrupted""},{""key"":""quality"",""value"":""0""}]",totalValidListings,0,8
"orb of storms",gem,"[{""key"":""lvl"",""value"":""1-18""},{""key"":""corrupted""},{""key"":""quality"",""value"":""0""}]",totalValidListings,0,5
"earthquake",gem,"[{""key"":""lvl"",""value"":""1-18""},{""key"":""corrupted""},{""key"":""quality"",""value"":""0""}]",totalValidListings,0,6
"vulnerability",gem,"[{""key"":""lvl"",""value"":""1-18""},{""key"":""corrupted""},{""key"":""quality"",""value"":""0""}]",totalValidListings,0,5
"elemental army support",gem,"[{""key"":""lvl"",""value"":""1-18""},{""key"":""corrupted""},{""key"":""quality"",""value"":""0""}]",totalValidListings,0,8
"intuitive link support",gem,"[{""key"":""lvl"",""value"":""1-18""},{""key"":""corrupted""},{""key"":""quality"",""value"":""0""}]",totalValidListings,0,6
"close combat support",gem,"[{""key"":""lvl"",""value"":""1-18""},{""key"":""corrupted""},{""key"":""quality"",""value"":""0""}]",totalValidListings,0,9
"plague bearer",gem,"[{""key"":""lvl"",""value"":""1-18""},{""key"":""corrupted""},{""key"":""quality"",""value"":""0""}]",totalValidListings,0,6
"sniper's mark",gem,"[{""key"":""lvl"",""value"":""1-18""},{""key"":""corrupted""},{""key"":""quality"",""value"":""0""}]",totalValidListings,0,6
"lightning conduit",gem,"[{""key"":""lvl"",""value"":""1-18""},{""key"":""corrupted""},{""key"":""quality"",""value"":""0""}]",totalValidListings,0,5
"vile toxins support",gem,"[{""key"":""lvl"",""value"":""1-18""},{""key"":""corrupted""},{""key"":""quality"",""value"":""0""}]",totalValidListings,0,8
"ice trap",gem,"[{""key"":""lvl"",""value"":""1-18""},{""key"":""corrupted""},{""key"":""quality"",""value"":""0""}]",totalValidListings,0,5
"vampiric link",gem,"[{""key"":""lvl"",""value"":""1-18""},{""key"":""corrupted""},{""key"":""quality"",""value"":""0""}]",totalValidListings,0,7
"cold penetration support",gem,"[{""key"":""lvl"",""value"":""1-18""},{""key"":""corrupted""},{""key"":""quality"",""value"":""0""}]",totalValidListings,0,6
"impale support",gem,"[{""key"":""lvl"",""value"":""1-18""},{""key"":""corrupted""},{""key"":""quality"",""value"":""0""}]",totalValidListings,0,6
"chromatic orb",currency,"[]",totalValidListings,9,5
"elemental hit",gem,"[{""key"":""lvl"",""value"":""1-18""},{""key"":""corrupted""},{""key"":""quality"",""value"":""0""}]",totalValidListings,0,5
"iron grip support",gem,"[{""key"":""lvl"",""value"":""1-18""},{""key"":""corrupted""},{""key"":""quality"",""value"":""0""}]",totalValidListings,0,11
"power charge on critical support",gem,"[{""key"":""lvl"",""value"":""1-18""},{""key"":""corrupted""},{""key"":""quality"",""value"":""0""}]",totalValidListings,0,11
"smite",gem,"[{""key"":""lvl"",""value"":""1-18""},{""key"":""corrupted""},{""key"":""quality"",""value"":""0""}]",totalValidListings,0,7
"summon phantasm support",gem,"[{""key"":""lvl"",""value"":""1-18""},{""key"":""corrupted""},{""key"":""quality"",""value"":""0""}]",totalValidListings,0,7
"double strike",gem,"[{""key"":""lvl"",""value"":""1-18""},{""key"":""corrupted""},{""key"":""quality"",""value"":""0""}]",totalValidListings,0,8
"frostbolt",gem,"[{""key"":""lvl"",""value"":""1-18""},{""key"":""corrupted""},{""key"":""quality"",""value"":""0""}]",totalValidListings,0,5
"pierce support",gem,"[{""key"":""lvl"",""value"":""1-18""},{""key"":""corrupted""},{""key"":""quality"",""value"":""0""}]",totalValidListings,0,7
"summon chaos golem",gem,"[{""key"":""lvl"",""value"":""1-18""},{""key"":""corrupted""},{""key"":""quality"",""value"":""0""}]",totalValidListings,0,7
"bonechill support",gem,"[{""key"":""lvl"",""value"":""1-18""},{""key"":""corrupted""},{""key"":""quality"",""value"":""0""}]",totalValidListings,0,7
"unbound ailments support",gem,"[{""key"":""lvl"",""value"":""1-18""},{""key"":""corrupted""},{""key"":""quality"",""value"":""0""}]",totalValidListings,0,5
"added fire damage support",gem,"[{""key"":""lvl"",""value"":""1-18""},{""key"":""corrupted""},{""key"":""quality"",""value"":""0""}]",totalValidListings,0,5
"charged traps support",gem,"[{""key"":""lvl"",""value"":""1-18""},{""key"":""corrupted""},{""key"":""quality"",""value"":""0""}]",totalValidListings,0,7
"battlemage's cry support",gem,"[{""key"":""lvl"",""value"":""1-18""},{""key"":""corrupted""},{""key"":""quality"",""value"":""0""}]",totalValidListings,0,8
"additional accuracy support",gem,"[{""key"":""lvl"",""value"":""1-18""},{""key"":""corrupted""},{""key"":""quality"",""value"":""0""}]",totalValidListings,0,8
"arctic armour",gem,"[{""key"":""lvl"",""value"":""1-18""},{""key"":""corrupted""},{""key"":""quality"",""value"":""0""}]",totalValidListings,0,6
"glassblower's bauble",currency,"[]",totalValidListings,18,4
"innervate support",gem,"[{""key"":""lvl"",""value"":""1-18""},{""key"":""corrupted""},{""key"":""quality"",""value"":""0""}]",totalValidListings,0,9
"glassblower's bauble",currency,"[]",totalValidListings,9,4
"cast on melee kill support",gem,"[{""key"":""lvl"",""value"":""1-18""},{""key"":""corrupted""},{""key"":""quality"",""value"":""0""}]",totalValidListings,0,7
"glassblower's bauble",currency,"[]",totalValidListings,0,5
"glassblower's bauble",currency,"[]",totalValidListings,30,4
"pulverise support",gem,"[{""key"":""lvl"",""value"":""1-18""},{""key"":""corrupted""},{""key"":""quality"",""value"":""0""}]",totalValidListings,0,5
"eye of winter",gem,"[{""key"":""lvl"",""value"":""1-18""},{""key"":""corrupted""},{""key"":""quality"",""value"":""0""}]",totalValidListings,0,7
"storm brand",gem,"[{""key"":""lvl"",""value"":""1-18""},{""key"":""corrupted""},{""key"":""quality"",""value"":""0""}]",totalValidListings,0,7
"cold snap",gem,"[{""key"":""lvl"",""value"":""1-18""},{""key"":""corrupted""},{""key"":""quality"",""value"":""0""}]",totalValidListings,0,6
"mirage archer support",gem,"[{""key"":""lvl"",""value"":""1-18""},{""key"":""corrupted""},{""key"":""quality"",""value"":""0""}]",totalValidListings,0,5
"frost shield",gem,"[{""key"":""lvl"",""value"":""1-18""},{""key"":""corrupted""},{""key"":""quality"",""value"":""0""}]",totalValidListings,0,6
"wave of conviction",gem,"[{""key"":""lvl"",""value"":""1-18""},{""key"":""corrupted""},{""key"":""quality"",""value"":""0""}]",totalValidListings,0,5
"fracturing shard",currency,"[]",totalValidListings,0,6
"essence drain",gem,"[{""key"":""lvl"",""value"":""1-18""},{""key"":""corrupted""},{""key"":""quality"",""value"":""0""}]",totalValidListings,0,6
"cremation",gem,"[{""key"":""lvl"",""value"":""1-18""},{""key"":""corrupted""},{""key"":""quality"",""value"":""0""}]",totalValidListings,0,6
"sweep",gem,"[{""key"":""lvl"",""value"":""1-18""},{""key"":""corrupted""},{""key"":""quality"",""value"":""0""}]",totalValidListings,0,6
"blood and sand",gem,"[{""key"":""lvl"",""value"":""1-18""},{""key"":""corrupted""},{""key"":""quality"",""value"":""0""}]",totalValidListings,0,6
"seismic trap",gem,"[{""key"":""lvl"",""value"":""1-18""},{""key"":""corrupted""},{""key"":""quality"",""value"":""0""}]",totalValidListings,0,5
"flammability",gem,"[{""key"":""lvl"",""value"":""1-18""},{""key"":""corrupted""},{""key"":""quality"",""value"":""0""}]",totalValidListings,0,7
"doom blast",gem,"[{""key"":""lvl"",""value"":""1-18""},{""key"":""corrupted""},{""key"":""quality"",""value"":""0""}]",totalValidListings,0,7
"freezing pulse",gem,"[{""key"":""lvl"",""value"":""1-18""},{""key"":""corrupted""},{""key"":""quality"",""value"":""0""}]",totalValidListings,0,6
"less duration support",gem,"[{""key"":""lvl"",""value"":""1-18""},{""key"":""corrupted""},{""key"":""quality"",""value"":""0""}]",totalValidListings,0,8
"fist of war support",gem,"[{""key"":""lvl"",""value"":""1-18""},{""key"":""corrupted""},{""key"":""quality"",""value"":""0""}]",totalValidListings,0,8
"added lightning damage support",gem,"[{""key"":""lvl"",""value"":""1-18""},{""key"":""corrupted""},{""key"":""quality"",""value"":""0""}]",totalValidListings,0,6
"soulrend",gem,"[{""key"":""lvl"",""value"":""1-18""},{""key"":""corrupted""},{""key"":""quality"",""value"":""0""}]",totalValidListings,0,5
"riposte",gem,"[{""key"":""lvl"",""value"":""1-18""},{""key"":""corrupted""},{""key"":""quality"",""value"":""0""}]",totalValidListings,0,6
"blind support",gem,"[{""key"":""lvl"",""value"":""1-18""},{""key"":""corrupted""},{""key"":""quality"",""value"":""0""}]",totalValidListings,0,6
"feeding frenzy support",gem,"[{""key"":""lvl"",""value"":""1-18""},{""key"":""corrupted""},{""key"":""quality"",""value"":""0""}]",totalValidListings,0,6
"blood rage",gem,"[{""key"":""lvl"",""value"":""1-18""},{""key"":""corrupted""},{""key"":""quality"",""value"":""0""}]",totalValidListings,0,7
"energy leech support",gem,"[{""key"":""lvl"",""value"":""1-18""},{""key"":""corrupted""},{""key"":""quality"",""value"":""0""}]",totalValidListings,0,10
"fortify support",gem,"[{""key"":""lvl"",""value"":""1-18""},{""key"":""corrupted""},{""key"":""quality"",""value"":""0""}]",totalValidListings,0,5
"raise zombie",gem,"[{""key"":""lvl"",""value"":""1-18""},{""key"":""corrupted""},{""key"":""quality"",""value"":""0""}]",totalValidListings,0,7
"warlord's mark",gem,"[{""key"":""lvl"",""value"":""1-18""},{""key"":""corrupted""},{""key"":""quality"",""value"":""0""}]",totalValidListings,0,7
"lightning spire trap",gem,"[{""key"":""lvl"",""value"":""1-18""},{""key"":""corrupted""},{""key"":""quality"",""value"":""0""}]",totalValidListings,0,7
"added cold damage support",gem,"[{""key"":""lvl"",""value"":""1-18""},{""key"":""corrupted""},{""key"":""quality"",""value"":""0""}]",totalValidListings,0,5
"behead support",gem,"[{""key"":""lvl"",""value"":""1-18""},{""key"":""corrupted""},{""key"":""quality"",""value"":""0""}]",totalValidListings,0,12
"destructive link",gem,"[{""key"":""lvl"",""value"":""1-18""},{""key"":""corrupted""},{""key"":""quality"",""value"":""0""}]",totalValidListings,0,5
"void sphere",gem,"[{""key"":""lvl"",""value"":""1-18""},{""key"":""corrupted""},{""key"":""quality"",""value"":""0""}]",totalValidListings,0,6
"spectral throw",gem,"[{""key"":""lvl"",""value"":""1-18""},{""key"":""corrupted""},{""key"":""quality"",""value"":""0""}]",totalValidListings,0,10
"arcane surge support",gem,"[{""key"":""lvl"",""value"":""1-18""},{""key"":""corrupted""},{""key"":""quality"",""value"":""0""}]",totalValidListings,0,5
"chain hook",gem,"[{""key"":""lvl"",""value"":""1-18""},{""key"":""corrupted""},{""key"":""quality"",""value"":""0""}]",totalValidListings,0,7
"chromatic orb",currency,"[]",totalValidListings,18,5
"reap",gem,"[{""key"":""lvl"",""value"":""1-18""},{""key"":""corrupted""},{""key"":""quality"",""value"":""0""}]",totalValidListings,0,6
"chromatic orb",currency,"[]",totalValidListings,30,5
"chromatic orb",currency,"[]",totalValidListings,50,5
"chromatic orb",currency,"[]",totalValidListings,100,5
"summon stone golem",gem,"[{""key"":""lvl"",""value"":""1-18""},{""key"":""corrupted""},{""key"":""quality"",""value"":""0""}]",totalValidListings,0,6
"slower projectiles support",gem,"[{""key"":""lvl"",""value"":""1-18""},{""key"":""corrupted""},{""key"":""quality"",""value"":""0""}]",totalValidListings,0,7
"winter orb",gem,"[{""key"":""lvl"",""value"":""1-18""},{""key"":""corrupted""},{""key"":""quality"",""value"":""0""}]",totalValidListings,0,8
"tornado shot",gem,"[{""key"":""lvl"",""value"":""1-18""},{""key"":""corrupted""},{""key"":""quality"",""value"":""0""}]",totalValidListings,0,6
"multiple traps support",gem,"[{""key"":""lvl"",""value"":""1-18""},{""key"":""corrupted""},{""key"":""quality"",""value"":""0""}]",totalValidListings,0,9
"infernal legion support",gem,"[{""key"":""lvl"",""value"":""1-18""},{""key"":""corrupted""},{""key"":""quality"",""value"":""0""}]",totalValidListings,0,9
"armageddon brand",gem,"[{""key"":""lvl"",""value"":""1-18""},{""key"":""corrupted""},{""key"":""quality"",""value"":""0""}]",totalValidListings,0,7
"eternal blessing support",gem,"[{""key"":""lvl"",""value"":""1-18""},{""key"":""corrupted""},{""key"":""quality"",""value"":""0""}]",totalValidListings,0,8
"minion speed support",gem,"[{""key"":""lvl"",""value"":""1-18""},{""key"":""corrupted""},{""key"":""quality"",""value"":""0""}]",totalValidListings,0,9
"alchemist's mark",gem,"[{""key"":""lvl"",""value"":""1-18""},{""key"":""corrupted""},{""key"":""quality"",""value"":""0""}]",totalValidListings,0,5
"rallying cry",gem,"[{""key"":""lvl"",""value"":""1-18""},{""key"":""corrupted""},{""key"":""quality"",""value"":""0""}]",totalValidListings,0,10
"hextouch support",gem,"[{""key"":""lvl"",""value"":""1-18""},{""key"":""corrupted""},{""key"":""quality"",""value"":""0""}]",totalValidListings,0,9
"blazing salvo",gem,"[{""key"":""lvl"",""value"":""1-18""},{""key"":""corrupted""},{""key"":""quality"",""value"":""0""}]",totalValidListings,0,9
"elemental proliferation support",gem,"[{""key"":""lvl"",""value"":""1-18""},{""key"":""corrupted""},{""key"":""quality"",""value"":""0""}]",totalValidListings,0,11
"flame wall",gem,"[{""key"":""lvl"",""value"":""1-18""},{""key"":""corrupted""},{""key"":""quality"",""value"":""0""}]",totalValidListings,0,7
"life gain on hit support",gem,"[{""key"":""lvl"",""value"":""1-18""},{""key"":""corrupted""},{""key"":""quality"",""value"":""0""}]",totalValidListings,0,8
"purifying flame",gem,"[{""key"":""lvl"",""value"":""1-18""},{""key"":""corrupted""},{""key"":""quality"",""value"":""0""}]",totalValidListings,0,9
"bloodthirst support",gem,"[{""key"":""lvl"",""value"":""1-18""},{""key"":""corrupted""},{""key"":""quality"",""value"":""0""}]",totalValidListings,0,7
"rune blast",gem,"[{""key"":""lvl"",""value"":""1-18""},{""key"":""corrupted""},{""key"":""quality"",""value"":""0""}]",totalValidListings,0,7
"ground slam",gem,"[{""key"":""lvl"",""value"":""1-18""},{""key"":""corrupted""},{""key"":""quality"",""value"":""0""}]",totalValidListings,0,9
"swift assembly support",gem,"[{""key"":""lvl"",""value"":""1-18""},{""key"":""corrupted""},{""key"":""quality"",""value"":""0""}]",totalValidListings,0,10
"decoy totem",gem,"[{""key"":""lvl"",""value"":""1-18""},{""key"":""corrupted""},{""key"":""quality"",""value"":""0""}]",totalValidListings,0,7
"minion life support",gem,"[{""key"":""lvl"",""value"":""1-18""},{""key"":""corrupted""},{""key"":""quality"",""value"":""0""}]",totalValidListings,0,6
"pinpoint support",gem,"[{""key"":""lvl"",""value"":""1-18""},{""key"":""corrupted""},{""key"":""quality"",""value"":""0""}]",totalValidListings,0,8
"volley support",gem,"[{""key"":""lvl"",""value"":""1-18""},{""key"":""corrupted""},{""key"":""quality"",""value"":""0""}]",totalValidListings,0,9
"blade vortex",gem,"[{""key"":""lvl"",""value"":""1-18""},{""key"":""corrupted""},{""key"":""quality"",""value"":""0""}]",totalValidListings,0,7
"ice crash",gem,"[{""key"":""lvl"",""value"":""1-18""},{""key"":""corrupted""},{""key"":""quality"",""value"":""0""}]",totalValidListings,0,5
"storm rain",gem,"[{""key"":""lvl"",""value"":""1-18""},{""key"":""corrupted""},{""key"":""quality"",""value"":""0""}]",totalValidListings,0,5
"blade blast",gem,"[{""key"":""lvl"",""value"":""1-18""},{""key"":""corrupted""},{""key"":""quality"",""value"":""0""}]",totalValidListings,0,8
"herald of agony",gem,"[{""key"":""lvl"",""value"":""1-18""},{""key"":""corrupted""},{""key"":""quality"",""value"":""0""}]",totalValidListings,0,6
"enfeeble",gem,"[{""key"":""lvl"",""value"":""1-18""},{""key"":""corrupted""},{""key"":""quality"",""value"":""0""}]",totalValidListings,0,7
"bloodlust support",gem,"[{""key"":""lvl"",""value"":""1-18""},{""key"":""corrupted""},{""key"":""quality"",""value"":""0""}]",totalValidListings,0,7
"life leech support",gem,"[{""key"":""lvl"",""value"":""1-18""},{""key"":""corrupted""},{""key"":""quality"",""value"":""0""}]",totalValidListings,0,8
"meat shield support",gem,"[{""key"":""lvl"",""value"":""1-18""},{""key"":""corrupted""},{""key"":""quality"",""value"":""0""}]",totalValidListings,0,6
"trap support",gem,"[{""key"":""lvl"",""value"":""1-18""},{""key"":""corrupted""},{""key"":""quality"",""value"":""0""}]",totalValidListings,0,8
"dread banner",gem,"[{""key"":""lvl"",""value"":""1-18""},{""key"":""corrupted""},{""key"":""quality"",""value"":""0""}]",totalValidListings,0,5
"infused channelling support",gem,"[{""key"":""lvl"",""value"":""1-18""},{""key"":""corrupted""},{""key"":""quality"",""value"":""0""}]",totalValidListings,0,7
"ethereal knives",gem,"[{""key"":""lvl"",""value"":""1-18""},{""key"":""corrupted""},{""key"":""quality"",""value"":""0""}]",totalValidListings,0,7
"spirit offering",gem,"[{""key"":""lvl"",""value"":""1-18""},{""key"":""corrupted""},{""key"":""quality"",""value"":""0""}]",totalValidListings,0,7
"heavy strike",gem,"[{""key"":""lvl"",""value"":""1-18""},{""key"":""corrupted""},{""key"":""quality"",""value"":""0""}]",totalValidListings,0,9
"chance to flee support",gem,"[{""key"":""lvl"",""value"":""1-18""},{""key"":""corrupted""},{""key"":""quality"",""value"":""0""}]",totalValidListings,0,7
"lightning penetration support",gem,"[{""key"":""lvl"",""value"":""1-18""},{""key"":""corrupted""},{""key"":""quality"",""value"":""0""}]",totalValidListings,0,8
"hypothermia support",gem,"[{""key"":""lvl"",""value"":""1-18""},{""key"":""corrupted""},{""key"":""quality"",""value"":""0""}]",totalValidListings,0,7
"siphoning trap",gem,"[{""key"":""lvl"",""value"":""1-18""},{""key"":""corrupted""},{""key"":""quality"",""value"":""0""}]",totalValidListings,0,9
"dominating blow",gem,"[{""key"":""lvl"",""value"":""1-18""},{""key"":""corrupted""},{""key"":""quality"",""value"":""0""}]",totalValidListings,0,7
"flesh offering",gem,"[{""key"":""lvl"",""value"":""1-18""},{""key"":""corrupted""},{""key"":""quality"",""value"":""0""}]",totalValidListings,0,6
"static strike",gem,"[{""key"":""lvl"",""value"":""1-18""},{""key"":""corrupted""},{""key"":""quality"",""value"":""0""}]",totalValidListings,0,5
"trinity support",gem,"[{""key"":""lvl"",""value"":""1-18""},{""key"":""corrupted""},{""key"":""quality"",""value"":""0""}]",totalValidListings,0,6
"intensify support",gem,"[{""key"":""lvl"",""value"":""1-18""},{""key"":""corrupted""},{""key"":""quality"",""value"":""0""}]",totalValidListings,0,8
"ancestral call support",gem,"[{""key"":""lvl"",""value"":""1-18""},{""key"":""corrupted""},{""key"":""quality"",""value"":""0""}]",totalValidListings,0,6
"concentrated effect support",gem,"[{""key"":""lvl"",""value"":""1-18""},{""key"":""corrupted""},{""key"":""quality"",""value"":""0""}]",totalValidListings,0,7
"generosity support",gem,"[{""key"":""lvl"",""value"":""1-18""},{""key"":""corrupted""},{""key"":""quality"",""value"":""0""}]",totalValidListings,0,10
"intimidating cry",gem,"[{""key"":""lvl"",""value"":""1-18""},{""key"":""corrupted""},{""key"":""quality"",""value"":""0""}]",totalValidListings,0,7
"conversion trap",gem,"[{""key"":""lvl"",""value"":""1-18""},{""key"":""corrupted""},{""key"":""quality"",""value"":""0""}]",totalValidListings,0,8
"fireball",gem,"[{""key"":""lvl"",""value"":""1-18""},{""key"":""corrupted""},{""key"":""quality"",""value"":""0""}]",totalValidListings,0,8
"mana leech support",gem,"[{""key"":""lvl"",""value"":""1-18""},{""key"":""corrupted""},{""key"":""quality"",""value"":""0""}]",totalValidListings,0,8
"fork support",gem,"[{""key"":""lvl"",""value"":""1-18""},{""key"":""corrupted""},{""key"":""quality"",""value"":""0""}]",totalValidListings,0,8
"wintertide brand",gem,"[{""key"":""lvl"",""value"":""1-18""},{""key"":""corrupted""},{""key"":""quality"",""value"":""0""}]",totalValidListings,0,5
"galvanic arrow",gem,"[{""key"":""lvl"",""value"":""1-18""},{""key"":""corrupted""},{""key"":""quality"",""value"":""0""}]",totalValidListings,0,6
"animate weapon",gem,"[{""key"":""lvl"",""value"":""1-18""},{""key"":""corrupted""},{""key"":""quality"",""value"":""0""}]",totalValidListings,0,6
"knockback support",gem,"[{""key"":""lvl"",""value"":""1-18""},{""key"":""corrupted""},{""key"":""quality"",""value"":""0""}]",totalValidListings,0,7
"point blank support",gem,"[{""key"":""lvl"",""value"":""1-18""},{""key"":""corrupted""},{""key"":""quality"",""value"":""0""}]",totalValidListings,0,9
"hex bloom support",gem,"[{""key"":""lvl"",""value"":""1-18""},{""key"":""corrupted""},{""key"":""quality"",""value"":""0""}]",totalValidListings,0,8
"cast while channelling support",gem,"[{""key"":""lvl"",""value"":""1-18""},{""key"":""corrupted""},{""key"":""quality"",""value"":""0""}]",totalValidListings,0,8
"immolate support",gem,"[{""key"":""lvl"",""value"":""1-18""},{""key"":""corrupted""},{""key"":""quality"",""value"":""0""}]",totalValidListings,0,8
"advanced traps support",gem,"[{""key"":""lvl"",""value"":""1-18""},{""key"":""corrupted""},{""key"":""quality"",""value"":""0""}]",totalValidListings,0,7
"cast on death support",gem,"[{""key"":""lvl"",""value"":""1-18""},{""key"":""corrupted""},{""key"":""quality"",""value"":""0""}]",totalValidListings,0,7
"hydrosphere",gem,"[{""key"":""lvl"",""value"":""1-18""},{""key"":""corrupted""},{""key"":""quality"",""value"":""0""}]",totalValidListings,0,7
"sunder",gem,"[{""key"":""lvl"",""value"":""1-18""},{""key"":""corrupted""},{""key"":""quality"",""value"":""0""}]",totalValidListings,0,6
"chance to poison support",gem,"[{""key"":""lvl"",""value"":""1-18""},{""key"":""corrupted""},{""key"":""quality"",""value"":""0""}]",totalValidListings,0,8
"pestilent strike",gem,"[{""key"":""lvl"",""value"":""1-18""},{""key"":""corrupted""},{""key"":""quality"",""value"":""0""}]",totalValidListings,0,6
"cast on critical strike support",gem,"[{""key"":""lvl"",""value"":""1-18""},{""key"":""corrupted""},{""key"":""quality"",""value"":""0""}]",totalValidListings,0,7
"conductivity",gem,"[{""key"":""lvl"",""value"":""1-18""},{""key"":""corrupted""},{""key"":""quality"",""value"":""0""}]",totalValidListings,0,7
"nightblade support",gem,"[{""key"":""lvl"",""value"":""1-18""},{""key"":""corrupted""},{""key"":""quality"",""value"":""0""}]",totalValidListings,0,8
"maim support",gem,"[{""key"":""lvl"",""value"":""1-18""},{""key"":""corrupted""},{""key"":""quality"",""value"":""0""}]",totalValidListings,0,5
"fire penetration support",gem,"[{""key"":""lvl"",""value"":""1-18""},{""key"":""corrupted""},{""key"":""quality"",""value"":""0""}]",totalValidListings,0,7
"focused ballista support",gem,"[{""key"":""lvl"",""value"":""1-18""},{""key"":""corrupted""},{""key"":""quality"",""value"":""0""}]",totalValidListings,0,7
"spell echo support",gem,"[{""key"":""lvl"",""value"":""1-18""},{""key"":""corrupted""},{""key"":""quality"",""value"":""0""}]",totalValidListings,0,7
"scorching ray",gem,"[{""key"":""lvl"",""value"":""1-18""},{""key"":""corrupted""},{""key"":""quality"",""value"":""0""}]",totalValidListings,0,6
"barrage support",gem,"[{""key"":""lvl"",""value"":""1-18""},{""key"":""corrupted""},{""key"":""quality"",""value"":""0""}]",totalValidListings,0,11
"swiftbrand support",gem,"[{""key"":""lvl"",""value"":""1-18""},{""key"":""corrupted""},{""key"":""quality"",""value"":""0""}]",totalValidListings,0,9
"exsanguinate",gem,"[{""key"":""lvl"",""value"":""1-18""},{""key"":""corrupted""},{""key"":""quality"",""value"":""0""}]",totalValidListings,0,5
"rage support",gem,"[{""key"":""lvl"",""value"":""1-18""},{""key"":""corrupted""},{""key"":""quality"",""value"":""0""}]",totalValidListings,0,9
"iron will support",gem,"[{""key"":""lvl"",""value"":""1-18""},{""key"":""corrupted""},{""key"":""quality"",""value"":""0""}]",totalValidListings,0,7
"summon holy relic",gem,"[{""key"":""lvl"",""value"":""1-18""},{""key"":""corrupted""},{""key"":""quality"",""value"":""0""}]",totalValidListings,0,5
"summon lightning golem",gem,"[{""key"":""lvl"",""value"":""1-18""},{""key"":""corrupted""},{""key"":""quality"",""value"":""0""}]",totalValidListings,0,7
"ruthless support",gem,"[{""key"":""lvl"",""value"":""1-18""},{""key"":""corrupted""},{""key"":""quality"",""value"":""0""}]",totalValidListings,0,6
"cluster traps support",gem,"[{""key"":""lvl"",""value"":""1-18""},{""key"":""corrupted""},{""key"":""quality"",""value"":""0""}]",totalValidListings,0,9
"desecrate",gem,"[{""key"":""lvl"",""value"":""1-18""},{""key"":""corrupted""},{""key"":""quality"",""value"":""0""}]",totalValidListings,0,5
"firestorm",gem,"[{""key"":""lvl"",""value"":""1-18""},{""key"":""corrupted""},{""key"":""quality"",""value"":""0""}]",totalValidListings,0,6
"wild strike",gem,"[{""key"":""lvl"",""value"":""1-18""},{""key"":""corrupted""},{""key"":""quality"",""value"":""0""}]",totalValidListings,0,6
"arrow nova support",gem,"[{""key"":""lvl"",""value"":""1-18""},{""key"":""corrupted""},{""key"":""quality"",""value"":""0""}]",totalValidListings,0,9
"forbidden rite",gem,"[{""key"":""lvl"",""value"":""1-18""},{""key"":""corrupted""},{""key"":""quality"",""value"":""0""}]",totalValidListings,0,6
"ancestral warchief",gem,"[{""key"":""lvl"",""value"":""1-18""},{""key"":""corrupted""},{""key"":""quality"",""value"":""0""}]",totalValidListings,0,7
"cursed ground support",gem,"[{""key"":""lvl"",""value"":""1-18""},{""key"":""corrupted""},{""key"":""quality"",""value"":""0""}]",totalValidListings,0,8
"flicker strike",gem,"[{""key"":""lvl"",""value"":""1-18""},{""key"":""corrupted""},{""key"":""quality"",""value"":""0""}]",totalValidListings,0,6
"blight",gem,"[{""key"":""lvl"",""value"":""1-18""},{""key"":""corrupted""},{""key"":""quality"",""value"":""0""}]",totalValidListings,0,7
"unleash support",gem,"[{""key"":""lvl"",""value"":""1-18""},{""key"":""corrupted""},{""key"":""quality"",""value"":""0""}]",totalValidListings,0,7
"absolution",gem,"[{""key"":""lvl"",""value"":""1-18""},{""key"":""corrupted""},{""key"":""quality"",""value"":""0""}]",totalValidListings,0,5
"raise spectre",gem,"[{""key"":""lvl"",""value"":""1-18""},{""key"":""corrupted""},{""key"":""quality"",""value"":""0""}]",totalValidListings,0,6
"hexblast",gem,"[{""key"":""lvl"",""value"":""1-18""},{""key"":""corrupted""},{""key"":""quality"",""value"":""0""}]",totalValidListings,0,7
"critical strike affliction support",gem,"[{""key"":""lvl"",""value"":""1-18""},{""key"":""corrupted""},{""key"":""quality"",""value"":""0""}]",totalValidListings,0,9
"frenzy",gem,"[{""key"":""lvl"",""value"":""1-18""},{""key"":""corrupted""},{""key"":""quality"",""value"":""0""}]",totalValidListings,0,8
"frost blades",gem,"[{""key"":""lvl"",""value"":""1-18""},{""key"":""corrupted""},{""key"":""quality"",""value"":""0""}]",totalValidListings,0,5
"chance to bleed support",gem,"[{""key"":""lvl"",""value"":""1-18""},{""key"":""corrupted""},{""key"":""quality"",""value"":""0""}]",totalValidListings,0,10
"rage vortex",gem,"[{""key"":""lvl"",""value"":""1-18""},{""key"":""corrupted""},{""key"":""quality"",""value"":""0""}]",totalValidListings,0,6
"puncture",gem,"[{""key"":""lvl"",""value"":""1-18""},{""key"":""corrupted""},{""key"":""quality"",""value"":""0""}]",totalValidListings,0,7
"artillery ballista",gem,"[{""key"":""lvl"",""value"":""1-18""},{""key"":""corrupted""},{""key"":""quality"",""value"":""0""}]",totalValidListings,0,6
"rolling magma",gem,"[{""key"":""lvl"",""value"":""1-18""},{""key"":""corrupted""},{""key"":""quality"",""value"":""0""}]",totalValidListings,0,6
"physical to lightning support",gem,"[{""key"":""lvl"",""value"":""1-18""},{""key"":""corrupted""},{""key"":""quality"",""value"":""0""}]",totalValidListings,0,9
"second wind support",gem,"[{""key"":""lvl"",""value"":""1-18""},{""key"":""corrupted""},{""key"":""quality"",""value"":""0""}]",totalValidListings,0,9
"divine ire",gem,"[{""key"":""lvl"",""value"":""1-18""},{""key"":""corrupted""},{""key"":""quality"",""value"":""0""}]",totalValidListings,0,6
"pyroclast mine",gem,"[{""key"":""lvl"",""value"":""1-18""},{""key"":""corrupted""},{""key"":""quality"",""value"":""0""}]",totalValidListings,0,6
"sigil of power",gem,"[{""key"":""lvl"",""value"":""1-18""},{""key"":""corrupted""},{""key"":""quality"",""value"":""0""}]",totalValidListings,0,6
"shrapnel ballista",gem,"[{""key"":""lvl"",""value"":""1-18""},{""key"":""corrupted""},{""key"":""quality"",""value"":""0""}]",totalValidListings,0,8
"summon carrion golem",gem,"[{""key"":""lvl"",""value"":""1-18""},{""key"":""corrupted""},{""key"":""quality"",""value"":""0""}]",totalValidListings,0,8
"increased duration support",gem,"[{""key"":""lvl"",""value"":""1-18""},{""key"":""corrupted""},{""key"":""quality"",""value"":""0""}]",totalValidListings,0,6
"consecrated path",gem,"[{""key"":""lvl"",""value"":""1-18""},{""key"":""corrupted""},{""key"":""quality"",""value"":""0""}]",totalValidListings,0,7
"dual strike",gem,"[{""key"":""lvl"",""value"":""1-18""},{""key"":""corrupted""},{""key"":""quality"",""value"":""0""}]",totalValidListings,0,8
"vigilant strike",gem,"[{""key"":""lvl"",""value"":""1-18""},{""key"":""corrupted""},{""key"":""quality"",""value"":""0""}]",totalValidListings,0,7
"urgent orders support",gem,"[{""key"":""lvl"",""value"":""1-18""},{""key"":""corrupted""},{""key"":""quality"",""value"":""0""}]",totalValidListings,0,6
"shield crush",gem,"[{""key"":""lvl"",""value"":""1-18""},{""key"":""corrupted""},{""key"":""quality"",""value"":""0""}]",totalValidListings,0,5
"spark",gem,"[{""key"":""lvl"",""value"":""1-18""},{""key"":""corrupted""},{""key"":""quality"",""value"":""0""}]",totalValidListings,0,6
"dark pact",gem,"[{""key"":""lvl"",""value"":""1-18""},{""key"":""corrupted""},{""key"":""quality"",""value"":""0""}]",totalValidListings,0,6
"corrupting fever",gem,"[{""key"":""lvl"",""value"":""1-18""},{""key"":""corrupted""},{""key"":""quality"",""value"":""0""}]",totalValidListings,0,5
"searing bond",gem,"[{""key"":""lvl"",""value"":""1-18""},{""key"":""corrupted""},{""key"":""quality"",""value"":""0""}]",totalValidListings,0,8
"shattering steel",gem,"[{""key"":""lvl"",""value"":""1-18""},{""key"":""corrupted""},{""key"":""quality"",""value"":""0""}]",totalValidListings,0,7
"summon raging spirit",gem,"[{""key"":""lvl"",""value"":""1-18""},{""key"":""corrupted""},{""key"":""quality"",""value"":""0""}]",totalValidListings,0,7
"spell totem support",gem,"[{""key"":""lvl"",""value"":""1-18""},{""key"":""corrupted""},{""key"":""quality"",""value"":""0""}]",totalValidListings,0,6
"overcharge support",gem,"[{""key"":""lvl"",""value"":""1-18""},{""key"":""corrupted""},{""key"":""quality"",""value"":""0""}]",totalValidListings,0,6
"rejuvenation totem",gem,"[{""key"":""lvl"",""value"":""1-18""},{""key"":""corrupted""},{""key"":""quality"",""value"":""0""}]",totalValidListings,0,7
"steelskin",gem,"[{""key"":""lvl"",""value"":""1-18""},{""key"":""corrupted""},{""key"":""quality"",""value"":""0""}]",totalValidListings,0,6
"manabond",gem,"[{""key"":""lvl"",""value"":""1-18""},{""key"":""corrupted""},{""key"":""quality"",""value"":""0""}]",totalValidListings,0,6
"soul link",gem,"[{""key"":""lvl"",""value"":""1-18""},{""key"":""corrupted""},{""key"":""quality"",""value"":""0""}]",totalValidListings,0,6
"shock nova",gem,"[{""key"":""lvl"",""value"":""1-18""},{""key"":""corrupted""},{""key"":""quality"",""value"":""0""}]",totalValidListings,0,6
"divine blessing support",gem,"[{""key"":""lvl"",""value"":""1-18""},{""key"":""corrupted""},{""key"":""quality"",""value"":""0""}]",totalValidListings,0,7
"icicle mine",gem,"[{""key"":""lvl"",""value"":""1-18""},{""key"":""corrupted""},{""key"":""quality"",""value"":""0""}]",totalValidListings,0,6
"high-impact mine support",gem,"[{""key"":""lvl"",""value"":""1-18""},{""key"":""corrupted""},{""key"":""quality"",""value"":""0""}]",totalValidListings,0,9
"seismic cry",gem,"[{""key"":""lvl"",""value"":""1-18""},{""key"":""corrupted""},{""key"":""quality"",""value"":""0""}]",totalValidListings,0,9
"endurance charge on melee stun support",gem,"[{""key"":""lvl"",""value"":""1-18""},{""key"":""corrupted""},{""key"":""quality"",""value"":""0""}]",totalValidListings,0,8
"punishment",gem,"[{""key"":""lvl"",""value"":""1-18""},{""key"":""corrupted""},{""key"":""quality"",""value"":""0""}]",totalValidListings,0,6
"infernal blow",gem,"[{""key"":""lvl"",""value"":""1-18""},{""key"":""corrupted""},{""key"":""quality"",""value"":""0""}]",totalValidListings,0,6
"blasphemy support",gem,"[{""key"":""lvl"",""value"":""1-18""},{""key"":""corrupted""},{""key"":""quality"",""value"":""0""}]",totalValidListings,0,6
"explosive concoction",gem,"[{""key"":""lvl"",""value"":""1-18""},{""key"":""corrupted""},{""key"":""quality"",""value"":""0""}]",totalValidListings,0,6
"chromatic orb",currency,"[]",totalValidListings,0,5
"blastchain mine support",gem,"[{""key"":""lvl"",""value"":""1-18""},{""key"":""corrupted""},{""key"":""quality"",""value"":""0""}]",totalValidListings,0,6
"void manipulation support",gem,"[{""key"":""lvl"",""value"":""1-18""},{""key"":""corrupted""},{""key"":""quality"",""value"":""0""}]",totalValidListings,0,6
"storm burst",gem,"[{""key"":""lvl"",""value"":""1-18""},{""key"":""corrupted""},{""key"":""quality"",""value"":""0""}]",totalValidListings,0,5
"ice bite support",gem,"[{""key"":""lvl"",""value"":""1-18""},{""key"":""corrupted""},{""key"":""quality"",""value"":""0""}]",totalValidListings,0,10
"decay support",gem,"[{""key"":""lvl"",""value"":""1-18""},{""key"":""corrupted""},{""key"":""quality"",""value"":""0""}]",totalValidListings,0,8
"string of servitude",unique,"[{""key"":""sixLink"",""value"":false},{""key"":""corrupted"",""value"":true},{""key"":""foilVariation"",""value"":0}]",totalValidListings,0,6
"siege ballista",gem,"[{""key"":""lvl"",""value"":""1-18""},{""key"":""corrupted""},{""key"":""quality"",""value"":""0""}]",totalValidListings,0,5
"mark on hit support",gem,"[{""key"":""lvl"",""value"":""1-18""},{""key"":""corrupted""},{""key"":""quality"",""value"":""0""}]",totalValidListings,0,6
"summon flame golem",gem,"[{""key"":""lvl"",""value"":""1-18""},{""key"":""corrupted""},{""key"":""quality"",""value"":""0""}]",totalValidListings,0,6
"cast when stunned support",gem,"[{""key"":""lvl"",""value"":""1-18""},{""key"":""corrupted""},{""key"":""quality"",""value"":""0""}]",totalValidListings,0,10
"spectral shield throw",gem,"[{""key"":""lvl"",""value"":""1-18""},{""key"":""corrupted""},{""key"":""quality"",""value"":""0""}]",totalValidListings,0,7
"flame surge",gem,"[{""key"":""lvl"",""value"":""1-18""},{""key"":""corrupted""},{""key"":""quality"",""value"":""0""}]",totalValidListings,0,6
"viper strike",gem,"[{""key"":""lvl"",""value"":""1-18""},{""key"":""corrupted""},{""key"":""quality"",""value"":""0""}]",totalValidListings,0,9
"reave",gem,"[{""key"":""lvl"",""value"":""1-18""},{""key"":""corrupted""},{""key"":""quality"",""value"":""0""}]",totalValidListings,0,6
"burning arrow",gem,"[{""key"":""lvl"",""value"":""1-18""},{""key"":""corrupted""},{""key"":""quality"",""value"":""0""}]",totalValidListings,0,8
"frozen sweep",gem,"[{""key"":""lvl"",""value"":""1-18""},{""key"":""corrupted""},{""key"":""quality"",""value"":""0""}]",totalValidListings,0,5
"ambush",gem,"[{""key"":""lvl"",""value"":""1-18""},{""key"":""corrupted""},{""key"":""quality"",""value"":""0""}]",totalValidListings,0,7
"bladefall",gem,"[{""key"":""lvl"",""value"":""1-18""},{""key"":""corrupted""},{""key"":""quality"",""value"":""0""}]",totalValidListings,0,7
"lightning trap",gem,"[{""key"":""lvl"",""value"":""1-18""},{""key"":""corrupted""},{""key"":""quality"",""value"":""0""}]",totalValidListings,0,7
"onslaught support",gem,"[{""key"":""lvl"",""value"":""1-18""},{""key"":""corrupted""},{""key"":""quality"",""value"":""0""}]",totalValidListings,0,8
"increased critical damage support",gem,"[{""key"":""lvl"",""value"":""1-18""},{""key"":""corrupted""},{""key"":""quality"",""value"":""0""}]",totalValidListings,0,7
"minefield support",gem,"[{""key"":""lvl"",""value"":""1-18""},{""key"":""corrupted""},{""key"":""quality"",""value"":""0""}]",totalValidListings,0,8
"signal prey",gem,"[{""key"":""lvl"",""value"":""1-18""},{""key"":""corrupted""},{""key"":""quality"",""value"":""0""}]",totalValidListings,0,7
"flesh and stone",gem,"[{""key"":""lvl"",""value"":""1-18""},{""key"":""corrupted""},{""key"":""quality"",""value"":""0""}]",totalValidListings,0,8
"storm call",gem,"[{""key"":""lvl"",""value"":""1-18""},{""key"":""corrupted""},{""key"":""quality"",""value"":""0""}]",totalValidListings,0,8
"unearth",gem,"[{""key"":""lvl"",""value"":""1-18""},{""key"":""corrupted""},{""key"":""quality"",""value"":""0""}]",totalValidListings,0,5
"arrogance support",gem,"[{""key"":""lvl"",""value"":""1-18""},{""key"":""corrupted""},{""key"":""quality"",""value"":""0""}]",totalValidListings,0,5
"archmage support",gem,"[{""key"":""lvl"",""value"":""1-18""},{""key"":""corrupted""},{""key"":""quality"",""value"":""0""}]",totalValidListings,0,9
"minion damage support",gem,"[{""key"":""lvl"",""value"":""1-18""},{""key"":""corrupted""},{""key"":""quality"",""value"":""0""}]",totalValidListings,0,5
"contagion",gem,"[{""key"":""lvl"",""value"":""1-18""},{""key"":""corrupted""},{""key"":""quality"",""value"":""0""}]",totalValidListings,0,6
"stun support",gem,"[{""key"":""lvl"",""value"":""1-18""},{""key"":""corrupted""},{""key"":""quality"",""value"":""0""}]",totalValidListings,0,8
"controlled destruction support",gem,"[{""key"":""lvl"",""value"":""1-18""},{""key"":""corrupted""},{""key"":""quality"",""value"":""0""}]",totalValidListings,0,7
"blood of the karui",unique,"[{""key"":""sixLink"",""value"":false},{""key"":""corrupted"",""value"":false},{""key"":""foilVariation"",""value"":0}]",totalValidListings,0,5
"lightning tendrils",gem,"[{""key"":""lvl"",""value"":""1-18""},{""key"":""corrupted""},{""key"":""quality"",""value"":""0""}]",totalValidListings,0,5
"enduring cry",gem,"[{""key"":""lvl"",""value"":""1-18""},{""key"":""corrupted""},{""key"":""quality"",""value"":""0""}]",totalValidListings,0,6
"stormblast mine",gem,"[{""key"":""lvl"",""value"":""1-18""},{""key"":""corrupted""},{""key"":""quality"",""value"":""0""}]",totalValidListings,0,7
"shockwave totem",gem,"[{""key"":""lvl"",""value"":""1-18""},{""key"":""corrupted""},{""key"":""quality"",""value"":""0""}]",totalValidListings,0,7
"explosive trap",gem,"[{""key"":""lvl"",""value"":""1-18""},{""key"":""corrupted""},{""key"":""quality"",""value"":""0""}]",totalValidListings,0,5
"combust",gem,"[{""key"":""lvl"",""value"":""1-18""},{""key"":""corrupted""},{""key"":""quality"",""value"":""0""}]",totalValidListings,0,6
"kinetic blast",gem,"[{""key"":""lvl"",""value"":""1-18""},{""key"":""corrupted""},{""key"":""quality"",""value"":""0""}]",totalValidListings,0,7
"spellslinger support",gem,"[{""key"":""lvl"",""value"":""1-18""},{""key"":""corrupted""},{""key"":""quality"",""value"":""0""}]",totalValidListings,0,5
"lacerate",gem,"[{""key"":""lvl"",""value"":""1-18""},{""key"":""corrupted""},{""key"":""quality"",""value"":""0""}]",totalValidListings,0,6
"summon skeletons",gem,"[{""key"":""lvl"",""value"":""1-18""},{""key"":""corrupted""},{""key"":""quality"",""value"":""0""}]",totalValidListings,0,5
"earthshatter",gem,"[{""key"":""lvl"",""value"":""1-18""},{""key"":""corrupted""},{""key"":""quality"",""value"":""0""}]",totalValidListings,0,7
"flameblast",gem,"[{""key"":""lvl"",""value"":""1-18""},{""key"":""corrupted""},{""key"":""quality"",""value"":""0""}]",totalValidListings,0,6
"increased area of effect support",gem,"[{""key"":""lvl"",""value"":""1-18""},{""key"":""corrupted""},{""key"":""quality"",""value"":""0""}]",totalValidListings,0,8